model_type,stage,arch,k,lr,wd,asymmetric,n_runs,test_mse_mean,test_mse_std,test_mse_min,test_mse_max,test_subspace_mean,test_subspace_std
digress,stage2c,gnn_v,16.0,0.0005,0.001,no,12.0,0.07445183334251244,0.02808728650031175,0.03758400306105614,0.10627800226211548,2.3097665707270303,0.599313437519188
digress,stage2c,gnn_all,16.0,0.0005,0.001,no,12.0,0.07454716600477695,0.028223762126991,0.03758400306105614,0.10627800226211548,2.305347124735514,0.5933837475381526
digress,stage2c,gnn_qk,16.0,0.0005,0.001,no,12.0,0.07454929997523625,0.028196279323353095,0.03758400306105614,0.10627800226211548,2.3037512799104056,0.5957090727404696
digress,stage2,digress_default,8.0,0.0005,0.01,no,12.0,0.07464436379571755,0.0282971933269756,0.03770879656076431,0.10982199758291245,2.2927432656288147,0.5903694738329347
digress,stage2c,digress_default,16.0,0.0005,0.001,no,12.0,0.07467123307287693,0.028420367653951163,0.03758400306105614,0.10666800290346146,2.307756692171097,0.5987129585094331
digress,stage2,digress_default,8.0,0.001,0.01,no,12.0,0.07469943103690942,0.02840489999299805,0.03768640011548996,0.10492599755525588,2.3082310358683267,0.6040013445257536
digress,stage2,digress_default,16.0,0.001,0.001,no,12.0,0.07471479816983144,0.028420550506237,0.037248000502586365,0.10645199567079544,2.3095249136288962,0.598374238618865
digress,stage2,digress_default,16.0,0.0005,0.001,no,12.0,0.07474376633763313,0.028397058051932527,0.03758400306105614,0.10666800290346146,2.3117211560408273,0.5986021208452239
digress,stage2c,gnn_all,16.0,0.001,0.01,no,12.0,0.07477419637143612,0.02866184374498348,0.03715519979596138,0.10683799535036088,2.3195239206155143,0.5991400134284711
digress,stage2,digress_default,16.0,0.001,0.01,no,12.0,0.07480032990376155,0.028676675878034366,0.03715519979596138,0.10683799535036088,2.317974100510279,0.6012454543337777
digress,stage2,digress_default,8.0,0.001,0.001,no,12.0,0.07485509912172954,0.028715926134672744,0.03727039694786072,0.1058019995689392,2.312652220328649,0.600819202135267
digress,stage2,digress_default,16.0,0.0005,0.01,no,12.0,0.0748633649200201,0.028336509776217905,0.03783999755978584,0.10936199873685835,2.315034866333008,0.5974851262183278
digress,stage2c,gnn_all,16.0,0.0005,0.01,no,12.0,0.0748878326267004,0.02846767261915031,0.03760639578104019,0.10657200217247008,2.31919202208519,0.6020148762425417
digress,stage2,digress_default,8.0,0.0005,0.001,no,12.0,0.07493359905978043,0.028734070000737258,0.03751039877533913,0.10983800143003464,2.3081310788790383,0.597762088805502
digress,stage2,digress_default,32.0,0.001,0.01,no,12.0,0.07502599712461233,0.02864064682980063,0.037539198994636536,0.1065559908747673,2.3210487564404807,0.5984047652769856
digress,stage2c,gnn_v,16.0,0.001,0.01,no,12.0,0.07505369558930397,0.02899267157107588,0.03715519979596138,0.11003199219703674,2.321452329556147,0.5973763027565127
digress,stage2c,gnn_v,32.0,0.0005,0.01,no,12.0,0.07508666378756364,0.02888636812371594,0.037139199674129486,0.10729799419641496,2.311660220225652,0.5945128692199104
digress,stage2c,gnn_all,32.0,0.001,0.01,no,12.0,0.07509053094933431,0.02852536483599092,0.038016002625226974,0.1065559908747673,2.3194324672222137,0.5988973331150869
digress,stage2c,gnn_v,16.0,0.0005,0.01,no,12.0,0.07509390047440927,0.028758278514163828,0.03760639578104019,0.10936199873685835,2.318242480357488,0.600143142484239
digress,stage2c,gnn_qk,16.0,0.001,0.001,no,12.0,0.07509839658935864,0.028883406829930926,0.03714879974722862,0.10946598649024963,2.318114697933197,0.5990270287349319
digress,stage2c,gnn_qk,16.0,0.0005,0.01,no,12.0,0.07512776615719001,0.028774068186962678,0.03760639578104019,0.10936199873685835,2.318489650885264,0.5988612756419611
digress,stage2c,gnn_all,16.0,0.001,0.001,no,12.0,0.07513606486221154,0.028843816054434233,0.037647999823093414,0.10677800327539444,2.330803414185842,0.6084877152793621
digress,stage2,digress_default,32.0,0.0005,0.001,no,12.0,0.07514732889831066,0.028543036925778035,0.03766399994492531,0.10650799423456192,2.3186914225419364,0.6013424260144214
digress,stage2c,gnn_qk,32.0,0.001,0.001,no,12.0,0.07515232947965463,0.0284423805794201,0.03776320070028305,0.10655799508094788,2.3239668707052865,0.6071661259257629
digress,stage2c,gnn_v,16.0,0.001,0.001,no,12.0,0.07516929879784584,0.028996112087969563,0.03714879974722862,0.10677800327539444,2.3288290202617645,0.604091982961343
digress,stage2c,digress_default,16.0,0.001,0.01,no,12.0,0.07517833045373361,0.028975992487367576,0.03734720125794411,0.10692398995161057,2.3204336166381836,0.6002085953568659
digress,stage2c,digress_default,32.0,0.0005,0.01,no,12.0,0.07522179745137691,0.028559738530394937,0.03831680119037628,0.10729799419641496,2.311385581890742,0.5954487454212556
digress,stage2,digress_default,32.0,0.0005,0.01,no,12.0,0.07522736303508282,0.02878208824729282,0.037139199674129486,0.10673999786376952,2.320746044317881,0.5974146705067739
digress,stage2c,digress_default,32.0,0.001,0.001,no,12.0,0.07526549821098645,0.028645167643267428,0.03776320070028305,0.10655799508094788,2.329188654820124,0.6050563331024029
digress,stage2c,digress_default,16.0,0.001,0.001,no,12.0,0.07527519607295592,0.029030044249009578,0.03714879974722862,0.10946598649024963,2.3324101269245148,0.6070279257805675
digress,stage2c,gnn_all,32.0,0.001,0.001,no,12.0,0.07533442974090576,0.02900351259059874,0.037673600018024445,0.11003599315881728,2.318830927213033,0.5979520226354992
digress,stage2,digress_default,32.0,0.001,0.001,no,12.0,0.07536323027064402,0.028998687886047144,0.037673600018024445,0.11003599315881728,2.3213572800159454,0.5979427323631161
digress,stage2c,digress_default,16.0,0.0005,0.01,no,12.0,0.07538383143643539,0.029026526845909482,0.03760639578104019,0.10936199873685835,2.318877170483271,0.59724942934472
digress,stage2c,gnn_qk,16.0,0.001,0.01,no,12.0,0.0753940964738528,0.029388982456644612,0.03715519979596138,0.11003199219703674,2.318960269292196,0.5967046127590454
digress,stage2c,gnn_qk,32.0,0.0005,0.001,no,12.0,0.07540592985848586,0.028641107986966074,0.0383744016289711,0.10799800604581831,2.3200236658255258,0.5979176384044572
digress,stage2c,gnn_all,32.0,0.0005,0.01,no,12.0,0.07543903061499198,0.028836153001081104,0.03831680119037628,0.1100199967622757,2.3137927651405334,0.590389441021251
digress,stage2c,gnn_v,32.0,0.001,0.001,no,12.0,0.0754670634244879,0.029122263806239185,0.037673600018024445,0.11003599315881728,2.319896787405014,0.5945860159845915
digress,stage2c,digress_default,32.0,0.001,0.01,no,12.0,0.07546753125886123,0.0290811320076326,0.037539198994636536,0.10975199937820436,2.3200298647085824,0.5951979380419132
digress,stage2c,gnn_qk,32.0,0.0005,0.01,no,12.0,0.07546819746494293,0.028880518989454467,0.03831680119037628,0.1100199967622757,2.3151939113934836,0.5905316404546527
digress,stage2c,gnn_v,32.0,0.0005,0.001,no,12.0,0.07549729601790507,0.02903950919352317,0.037356797605752945,0.11017399281263351,2.3131922086079917,0.5901675943244032
digress,stage2c,gnn_qk,32.0,0.001,0.01,no,12.0,0.0754979308694601,0.029015335784744394,0.037539198994636536,0.10975199937820436,2.3302842378616333,0.6015716137508138
digress,stage2c,gnn_v,32.0,0.001,0.01,no,12.0,0.07552513076613347,0.028958932156648663,0.037539198994636536,0.10975199937820436,2.327793558438619,0.6016624953898475
digress,stage2c,digress_default,32.0,0.0005,0.001,no,12.0,0.0755794309079647,0.029074136239214166,0.037356797605752945,0.11017399281263351,2.315847178300222,0.5895384943288811
digress,stage2c,gnn_all,32.0,0.0005,0.001,no,12.0,0.07560236410548289,0.02929785918664508,0.037356797605752945,0.11017399281263351,2.324647396802902,0.5912689819691428
digress,stage1,spectral_linear,,0.0002,1e-12,no,9.0,0.08837244536779407,0.08502370309133908,0.0007199999527074397,0.24716000258922577,1.1567011185818248,0.8007214943467769
spectral,other,other,16.0,0.01,1e-12,no,75.0,0.09458188086748123,0.0483641291301258,0.00559999980032444,0.2022500038146973,2.1790840911865232,0.575267079371664
spectral,stage1,spectral_linear,16.0,0.01,0.0,no,28.0,0.09751524949180228,0.056473590816183555,0.03920000419020653,0.2469720095396042,2.2055041193962097,0.5547202399099109
spectral,other,other,8.0,0.01,1e-12,no,115.0,0.10298368067521116,0.05031599942744846,0.0272000003606081,0.22757497429847717,2.053158580220264,0.6457984304315975
digress,stage1c,digress_default,16.0,0.0005,0.01,no,3.0,0.1037193313241005,0.0027671067797903925,0.10089199990034103,0.10642199963331224,1.3216511805852253,0.07984238227349424
digress,stage1c,gnn_v,16.0,0.0005,0.001,no,3.0,0.1046360010902087,0.0045479485821824355,0.10072799772024156,0.10962800681591034,1.329196532567342,0.07404843869716071
digress,stage1c,gnn_all,16.0,0.0005,0.01,no,3.0,0.10469933102528255,0.004299293032578451,0.10089199990034103,0.10936199873685835,1.3268929322560628,0.07259402950709548
digress,stage1f,gnn_qk,16.0,0.0005,0.01,no,3.0,0.10469933102528255,0.004299293032578451,0.10089199990034103,0.10936199873685835,1.326010266939799,0.07850656409603148
digress,stage1c,gnn_all,16.0,0.001,0.001,no,3.0,0.10478732734918594,0.0014990858841372444,0.10354399681091309,0.10645199567079544,1.3241434494654338,0.07734414964649959
digress,stage1c,gnn_all,16.0,0.001,0.01,no,3.0,0.10495466242233913,0.0016749234153825843,0.10363199561834335,0.10683799535036088,1.3245336612065632,0.08012010785903363
digress,stage1c,digress_default,32.0,0.001,0.01,no,3.0,0.10510132710138957,0.0013285769164765912,0.10395199805498125,0.1065559908747673,1.3341811895370483,0.08216894580109566
digress,stage1f,digress_default,16.0,0.0005,0.01,no,9.0,0.10528200036949581,0.0034892871404742566,0.10089199990034103,0.10936199873685835,1.3258134126663208,0.06692841449162834
digress,stage1c,gnn_v,32.0,0.001,0.001,no,3.0,0.10531333088874817,0.001150780710382272,0.1042880043387413,0.10655799508094788,1.321171800295512,0.09595002987975985
digress,stage1c,gnn_all,32.0,0.001,0.001,no,3.0,0.10531333088874817,0.001150780710382272,0.1042880043387413,0.10655799508094788,1.326206644376119,0.08355564344683356
digress,stage1f,digress_default,16.0,0.0005,0.001,no,9.0,0.10534933457771938,0.002317370178881233,0.10302399843931198,0.10962800681591034,1.3297213183508978,0.07203875609954122
digress,stage1c,gnn_all,16.0,0.0005,0.001,no,3.0,0.10540133466323216,0.0036699133767149994,0.10302399843931198,0.10962800681591034,1.327673037846883,0.08570710239177673
digress,stage1c,digress_default,16.0,0.001,0.001,no,3.0,0.10541799167792003,0.003637921295496464,0.10242199897766112,0.10946598649024963,1.3341556787490845,0.07972127261899295
digress,stage1f,gnn_qk,16.0,0.001,0.001,no,3.0,0.10541799167792003,0.003637921295496464,0.10242199897766112,0.10946598649024963,1.3317851622899373,0.08018662885040549
digress,stage1f,digress_default,16.0,0.001,0.001,no,9.0,0.10561910685565737,0.002855073351519959,0.10242199897766112,0.10946598649024963,1.3326780531141493,0.06923051295687405
digress,stage1c,gnn_qk,16.0,0.0005,0.001,no,3.0,0.10567466914653778,0.004532391690954106,0.10072799772024156,0.10962800681591034,1.3300648132960002,0.07361889283167956
digress,stage1f,gnn_qk,16.0,0.0005,0.001,no,3.0,0.10567466914653778,0.004532391690954106,0.10072799772024156,0.10962800681591034,1.3335286378860474,0.06749867976116038
digress,stage1f,gnn_qk,32.0,0.001,0.01,no,3.0,0.10568266113599141,0.0014988195342182829,0.10395199805498125,0.1065559908747673,1.3330694039662678,0.07992666574918107
digress,stage1c,gnn_qk,16.0,0.0001,0.001,no,3.0,0.10573333005110423,0.0020036059185708248,0.10396599769592284,0.10790999233722688,1.3452816009521484,0.07828315165749854
digress,stage1c,digress_default,16.0,0.0001,0.01,no,3.0,0.1057773306965828,0.0019357882673025925,0.1040399968624115,0.10786399990320206,1.349604328473409,0.07477939747259425
digress,stage1c,gnn_qk,16.0,0.001,0.001,no,3.0,0.10579199095567067,0.003208208287092892,0.10354399681091309,0.10946598649024963,1.3280826807022095,0.07730551661557183
digress,stage1c,digress_default,32.0,0.001,0.001,no,3.0,0.10579266647497813,0.0013031404545016491,0.1042880043387413,0.10655799508094788,1.3288919925689697,0.08349088791601557
digress,stage1f,gnn_qk,16.0,0.001,0.01,no,3.0,0.10580266018708546,0.0018682214740133485,0.10364599525928496,0.10692398995161057,1.3262907266616821,0.08460455675333602
digress,stage1c,gnn_qk,32.0,0.001,0.001,no,3.0,0.10584066559871037,0.001220007950645647,0.10443200170993804,0.10655799508094788,1.320449709892273,0.08187845186355433
digress,stage1c,gnn_v,32.0,0.0005,0.01,no,3.0,0.10586532950401306,0.0020175924605822246,0.1035579964518547,0.10729799419641496,1.3366094032923381,0.0812251348991473
digress,stage1c,gnn_all,32.0,0.0005,0.01,no,3.0,0.10586532950401306,0.0020175924605822246,0.1035579964518547,0.10729799419641496,1.3342575232187908,0.08544115337067743
digress,stage1f,digress_default,16.0,0.001,0.01,no,9.0,0.1058748828040229,0.0021936678422850645,0.10363199561834335,0.11003199219703674,1.3337235980563693,0.06758861937720702
digress,stage1c,gnn_qk,32.0,0.001,0.01,no,3.0,0.1058926632006963,0.0011350921269805672,0.10458200424909592,0.1065559908747673,1.327633539835612,0.0816127522001185
digress,stage1c,gnn_qk,16.0,0.0001,0.01,no,3.0,0.10593333095312119,0.0017341311612665972,0.10450799763202669,0.10786399990320206,1.3509536584218342,0.07819473821761187
digress,stage1f,gnn_qk,32.0,0.0005,0.01,no,3.0,0.10595799485842387,0.001258716559252125,0.1045059934258461,0.10673999786376952,1.3375797669092815,0.07728915691742543
digress,stage1c,gnn_qk,16.0,0.001,0.01,no,3.0,0.10605199386676152,0.0014365116500037864,0.10439399629831314,0.10692398995161057,1.3313979307810466,0.07893551722339442
digress,stage1c,gnn_v,32.0,0.001,0.01,no,3.0,0.10616666326920192,0.0031335375957053453,0.10395199805498125,0.10975199937820436,1.3396164178848267,0.0746631533289099
digress,stage1f,gnn_qk,32.0,0.0001,0.01,no,3.0,0.10622266431649525,0.001537611090566928,0.10511399805545808,0.107977993786335,1.3475433985392253,0.08092598369144534
digress,stage1f,digress_default,32.0,0.001,0.01,no,9.0,0.10624777525663376,0.0016221180520304495,0.10458200424909592,0.10975199937820436,1.3295467297236125,0.06864212182983755
digress,stage1c,gnn_qk,32.0,0.0001,0.01,no,3.0,0.10633932799100876,0.0014202309196824946,0.10546398907899857,0.107977993786335,1.3484741846720378,0.07655820087718913
digress,stage1c,gnn_all,32.0,0.0001,0.01,no,3.0,0.10633932799100876,0.0014202309196824946,0.10546398907899857,0.107977993786335,1.346469481786092,0.07688674920385784
digress,stage1c,digress_default,16.0,0.0005,0.001,no,3.0,0.10644000271956126,0.003307902616831277,0.10302399843931198,0.10962800681591034,1.332038164138794,0.08258533635515569
digress,stage1f,digress_default,32.0,0.001,0.001,no,9.0,0.10648866328928205,0.002680989035768065,0.1042880043387413,0.11003599315881728,1.3365419440799289,0.06875961350165918
digress,stage1f,digress_default,32.0,0.0005,0.01,no,9.0,0.10655066205395593,0.002417944500663305,0.1035579964518547,0.1100199967622757,1.3399714363945856,0.06743669568031584
digress,stage1c,gnn_v,32.0,0.0001,0.001,no,3.0,0.1065506637096405,0.001350109336369521,0.1055239960551262,0.10807999968528748,1.3441184759140015,0.07841891034769922
digress,stage1c,digress_default,32.0,0.0005,0.001,no,3.0,0.10659532745679219,0.0034405195929043766,0.10331199318170547,0.11017399281263351,1.33638862768809,0.07503015407258236
digress,stage1c,gnn_v,32.0,0.0005,0.001,no,3.0,0.10659532745679219,0.0034405195929043766,0.10331199318170547,0.11017399281263351,1.3398094177246094,0.07325488943478237
digress,stage1c,gnn_v,16.0,0.001,0.001,no,3.0,0.10659599552551906,0.0029651872717086814,0.10354399681091309,0.10946598649024963,1.3262266715367634,0.08190869966081503
digress,stage1c,gnn_qk,16.0,0.0005,0.01,no,3.0,0.10660733034213384,0.0027371753053192943,0.10388799011707306,0.10936199873685835,1.3231110572814941,0.08579523915415041
digress,stage1c,gnn_v,16.0,0.0005,0.01,no,3.0,0.10660733034213384,0.0027371753053192943,0.10388799011707306,0.10936199873685835,1.33309010664622,0.0726160007005618
digress,stage1f,gnn_qk,16.0,0.0001,0.001,no,3.0,0.1066579967737198,0.0018752378102207228,0.10450199991464616,0.10790999233722688,1.3436052004496257,0.0776958597225033
digress,stage1f,digress_default,16.0,0.0001,0.001,no,9.0,0.10677133003870647,0.0028749077161638443,0.10396599769592284,0.11119399219751358,1.3502323495017157,0.06577042848335501
digress,stage1c,digress_default,16.0,0.0001,0.001,no,3.0,0.1068279966711998,0.0038415466088418753,0.10396599769592284,0.11119399219751358,1.347062389055888,0.07950397467004254
digress,stage1c,gnn_v,16.0,0.0001,0.01,no,3.0,0.10687733193238576,0.003776678499701834,0.1040399968624115,0.11116400361061096,1.3511203130086262,0.07226877058929479
digress,stage1c,digress_default,32.0,0.0001,0.01,no,3.0,0.1069366658727328,0.0015838203561084647,0.10511399805545808,0.107977993786335,1.3424766858418782,0.08381809392373381
digress,stage1c,gnn_all,32.0,0.001,0.01,no,3.0,0.10695799936850865,0.0026102219206375152,0.10458200424909592,0.10975199937820436,1.3327158689498901,0.0780816064618843
digress,stage1c,digress_default,32.0,0.0005,0.01,no,3.0,0.10695866247018178,0.003244336837982692,0.1035579964518547,0.1100199967622757,1.3320011297861736,0.07763167637877451
digress,stage1c,gnn_qk,32.0,0.0005,0.01,no,3.0,0.10695866247018178,0.003244336837982692,0.1035579964518547,0.1100199967622757,1.3419752915700276,0.0712916026620178
digress,stage1f,gnn_qk,32.0,0.001,0.001,no,3.0,0.1069999982913335,0.0028311564486290953,0.10443200170993804,0.11003599315881728,1.341903845469157,0.07028614461511284
digress,stage1c,digress_default,32.0,0.0001,0.001,no,3.0,0.1071046640475591,0.001381343217339015,0.1055239960551262,0.10807999968528748,1.352540413538615,0.08040273472438304
digress,stage1c,gnn_v,16.0,0.001,0.01,no,3.0,0.10711665948232015,0.0028239317625526872,0.10439399629831314,0.11003199219703674,1.337323546409607,0.07074714387632382
digress,stage1c,digress_default,16.0,0.001,0.01,no,3.0,0.10711665948232015,0.0028239317625526872,0.10439399629831314,0.11003199219703674,1.3353513479232788,0.07009624916111008
digress,stage1f,digress_default,16.0,0.0001,0.01,no,9.0,0.10715555234087838,0.0026715338012538318,0.10450799763202669,0.11116400361061096,1.350477443801032,0.06806116824420885
digress,stage1c,gnn_qk,32.0,0.0005,0.001,no,3.0,0.10716133068005244,0.0035066763444141433,0.10331199318170547,0.11017399281263351,1.3387770652770996,0.07418047379389164
digress,stage1f,digress_default,32.0,0.0005,0.001,no,9.0,0.1072104424238205,0.002969669112161099,0.10331199318170547,0.11017399281263351,1.3447569741143122,0.06402371753013276
digress,stage1f,digress_default,32.0,0.0001,0.001,no,9.0,0.1072577726509836,0.0020121989864117346,0.1053759902715683,0.1115639954805374,1.350433627764384,0.06584982516814561
digress,stage1f,gnn_qk,32.0,0.0005,0.001,no,3.0,0.10730866591135661,0.0032650379635716063,0.10375399887561798,0.11017399281263351,1.3469473918279011,0.07590548346970655
digress,stage1c,gnn_all,32.0,0.0005,0.001,no,3.0,0.10730866591135661,0.0032650379635716063,0.10375399887561798,0.11017399281263351,1.3430299758911133,0.07677162147155692
digress,stage1c,gnn_v,32.0,0.0001,0.01,no,3.0,0.10748866200447083,0.0034102910278333443,0.10546398907899857,0.1114259958267212,1.3496869802474976,0.07549957561414936
digress,stage1c,gnn_v,16.0,0.0001,0.001,no,3.0,0.10757399598757426,0.0036140121874848365,0.10396599769592284,0.11119399219751358,1.3597500721613567,0.0655037469105604
digress,stage1c,gnn_all,16.0,0.0001,0.001,no,3.0,0.10757399598757426,0.0036140121874848365,0.10396599769592284,0.11119399219751358,1.3518716096878052,0.07514766063006748
digress,stage1f,gnn_qk,16.0,0.0001,0.01,no,3.0,0.10761066277821858,0.0035620349739979205,0.1040399968624115,0.11116400361061096,1.3568395773569744,0.07074276077465881
digress,stage1c,gnn_all,16.0,0.0001,0.01,no,3.0,0.10776666303475697,0.0033301692148400004,0.10450799763202669,0.11116400361061096,1.3539700508117676,0.07593636588771774
digress,stage1c,gnn_qk,32.0,0.0001,0.001,no,3.0,0.10777666171391805,0.0024346887168128226,0.1053759902715683,0.1102439984679222,1.3501452207565308,0.0746593818709309
digress,stage1f,digress_default,32.0,0.0001,0.01,no,9.0,0.10816377566920386,0.0026552121435707327,0.10511399805545808,0.1114259958267212,1.3518016205893622,0.06400388456375922
digress,stage1c,gnn_all,32.0,0.0001,0.001,no,3.0,0.10821666071812312,0.0031249613858864234,0.1053759902715683,0.1115639954805374,1.3500850598017375,0.07583381904507844
digress,stage1f,gnn_qk,32.0,0.0001,0.001,no,3.0,0.10826599597930908,0.0030581448481061075,0.1055239960551262,0.1115639954805374,1.3558643658955891,0.07682695635018769
spectral,stage2,self_attention,8.0,0.001,0.01,no,24.0,0.126715580932796,0.1088029200936758,0.04055999591946602,0.3151189982891083,2.4529035141070685,0.47670459272121984
spectral,stage2,self_attention,8.0,0.001,0.001,no,24.0,0.12678025973339876,0.10888276638135738,0.040569595992565155,0.31547096371650696,2.452600210905075,0.47704493013089216
spectral,stage2,self_attention,8.0,0.0005,0.01,no,24.0,0.12679091158012548,0.10839423327786092,0.04110720008611679,0.3123979866504669,2.451297084490458,0.4773910675168125
spectral,stage2,self_attention,8.0,0.0005,0.001,no,24.0,0.12679716385900974,0.10841525704939906,0.04110559821128845,0.31252598762512207,2.4514787594477334,0.47734022364147427
spectral,stage2,self_attention,16.0,0.001,0.01,no,24.0,0.12708289517710605,0.10901597949592184,0.041121602058410645,0.31576400995254517,2.452647313475609,0.47640853963676
spectral,stage2,self_attention,16.0,0.001,0.001,no,24.0,0.12714798003435135,0.10909569526558512,0.04115520045161247,0.3161010146141052,2.4522363593180976,0.47674609787129213
spectral,stage2,self_attention,32.0,0.001,0.01,no,24.0,0.1271808451662461,0.10835487819402922,0.042499199509620667,0.3134879767894745,2.4479845811923346,0.4842284516586931
spectral,stage2,self_attention,32.0,0.001,0.001,no,24.0,0.12722459683815637,0.10839186004068922,0.04253759980201721,0.31378698348999023,2.448269640405973,0.48386245773637043
spectral,stage2,self_attention,16.0,0.0005,0.01,no,24.0,0.1276360129316648,0.10898622645941797,0.042392000555992126,0.3128169775009155,2.4526731918255487,0.4748510570388962
spectral,stage2,self_attention,16.0,0.0005,0.001,no,24.0,0.12771087481329838,0.10913150073670587,0.04239999875426293,0.31297001242637634,2.453993792335192,0.47294234384332184
spectral,stage2,self_attention,32.0,0.0005,0.01,no,24.0,0.1286082110988597,0.1092234595813016,0.044833604246377945,0.3139289915561676,2.4499106208483377,0.4791724241088813
spectral,stage2,self_attention,32.0,0.0005,0.001,no,24.0,0.12861778338750204,0.10925426423549847,0.04483199492096901,0.3139580190181732,2.4496172020832696,0.4798999010493747
spectral,stage2,linear_pe,8.0,0.001,0.001,no,12.0,0.12932466653486094,0.11764157789247838,0.03920000046491623,0.35391300916671753,2.593156357606252,0.2318231362668109
spectral,stage2,linear_pe,8.0,0.001,0.01,no,12.0,0.12960949974755445,0.11813527397376766,0.03920000046491623,0.35481297969818115,2.595819135506948,0.22722962549640613
spectral,stage2,linear_pe,16.0,0.001,0.001,no,12.0,0.1313449957718452,0.12128631309761279,0.03920000046491623,0.36349397897720337,2.6199779311815896,0.1854049650267626
spectral,stage2,linear_pe,16.0,0.001,0.01,no,12.0,0.1316052470356226,0.12174370031834376,0.03920000046491623,0.3645099699497223,2.62241264184316,0.18090237719852245
spectral,stage2,linear_pe,32.0,0.001,0.001,no,12.0,0.13198183166484037,0.1225385508316081,0.03920000046491623,0.3686879873275757,2.619259774684906,0.18702064950319386
spectral,stage2,linear_pe,32.0,0.001,0.01,no,12.0,0.13225324638187885,0.12300126165263545,0.03920000046491623,0.36951902508735657,2.6221603552500405,0.1815268744231675
spectral,stage2,linear_pe,8.0,0.0005,0.001,no,12.0,0.13554424978792667,0.12866450579512861,0.03920000046491623,0.3787290155887604,2.6564340591430664,0.11853654098282479
spectral,stage2,linear_pe,8.0,0.0005,0.01,no,12.0,0.13558590846757093,0.12873848304256702,0.03920000046491623,0.3789229691028595,2.6570252974828086,0.11736894482523512
spectral,stage2,linear_pe,16.0,0.0005,0.001,no,12.0,0.1360455770045519,0.12968301716183864,0.03920000046491623,0.3843529522418976,2.666490157445272,0.09895640714793746
spectral,stage2,linear_pe,16.0,0.0005,0.01,no,12.0,0.13605807659526667,0.1297052371959271,0.03920000046491623,0.384399950504303,2.666615108648936,0.09873277685100983
spectral,stage2,linear_pe,32.0,0.0005,0.001,no,12.0,0.13622991430262724,0.1300040599237564,0.03920000046491623,0.38488203287124634,2.6693087021509805,0.09369423968121622
spectral,stage2,linear_pe,32.0,0.0005,0.01,no,12.0,0.13623574562370777,0.13001418160867054,0.03920000046491623,0.38489797711372375,2.669584314028422,0.09326479581472517
spectral,stage1,spectral_linear,8.0,0.01,0.0,no,5.0,0.1406479984521866,0.01633620375032988,0.13136400282382965,0.1693120002746582,1.4879448652267455,0.1081123165759107
spectral,stage1,spectral_linear,50.0,0.01,0.0,no,30.0,0.15968625843524933,0.010533904303665067,0.1487720012664795,0.1847679913043976,1.5382408380508423,0.058183026984566504
digress,other,other,,0.0002,1e-12,no,5.0,0.16685599684715272,0.09884102621308344,0.07999999821186066,0.33768799901008606,1.5024084568023681,0.0879924412663602
spectral,stage1,self_attention,8.0,0.001,0.0,no,5.0,0.1701064020395279,0.045595105069131885,0.13686801493167877,0.24876798689365387,1.738758111000061,0.5639989712189304
spectral,stage1,self_attention,8.0,0.01,0.0,no,5.0,0.17019279599189757,0.045507873195725045,0.1369440108537674,0.24876798689365387,1.7429082155227662,0.5608870469238878
spectral,stage1,self_attention,50.0,0.001,0.0,no,15.0,0.17339439590771993,0.014404489691776167,0.16123199462890625,0.19987601041793823,1.5716693957646688,0.11772476551434591
spectral,stage1,self_attention,50.0,0.01,0.0,no,15.0,0.17342720031738282,0.014300794898471856,0.16135601699352264,0.19988000392913816,1.5715471426645915,0.11803724024782736
spectral,stage1,spectral_linear,8.0,0.001,0.0,no,5.0,0.17790559828281402,0.02783096135665567,0.1562040001153946,0.22233998775482175,1.8575998544692993,0.3222329481119062
spectral,other,spectral_linear,16.0,0.01,0.0,no,3.0,0.19291907052199045,0.12377154864628434,0.04999999701976776,0.2643873393535614,1.9504440228144329,0.5057291316238027
spectral,stage1,spectral_linear,16.0,0.001,0.0,no,5.0,0.2240975946187973,0.014373532199542344,0.21055598556995392,0.24744801223278048,2.3666289329528807,0.17565942338629548
spectral,other,spectral_linear,8.0,0.0001,0.01,no,3.0,0.22921858727931976,0.0,0.22921858727931976,0.22921858727931976,2.045407295227051,0.0
spectral,stage1,spectral_linear,50.0,0.001,0.0,no,36.0,0.22941143562396368,0.03771577785146308,0.18041199445724487,0.2652999758720398,2.2632515827814736,0.38651998636201135
digress,other,other,,0.01,0.0,no,2.0,0.2680000066757202,0.0,0.2680000066757202,0.2680000066757202,2.730254054069519,0.0006060716815866562
spectral,other,spectral_linear,16.0,0.001,0.0001,no,6.0,0.2831592733661334,0.04963345907968853,0.21761642396450043,0.3426220118999481,2.239483873049418,0.008860606191081862
spectral,stage1,self_attention,8.0,0.0005,0.01,no,3.0,0.3070099850495656,0.0054934072957195,0.3014160096645355,0.31239697337150574,1.6431420644124348,0.06863652391683354
spectral,stage1,self_attention,8.0,0.0005,0.001,no,3.0,0.3070533374945323,0.005610406990004903,0.3013260066509247,0.3125390112400055,1.6426145633061726,0.06798232547404236
spectral,stage1,self_attention,8.0,0.001,0.01,no,3.0,0.3075089951356252,0.00949096502136961,0.2968760132789612,0.3151240050792694,1.6465462843577068,0.07713357304833546
spectral,stage1,self_attention,8.0,0.001,0.001,no,3.0,0.3076896568139394,0.009680352976652698,0.29684698581695557,0.31546398997306824,1.644431432088216,0.07749126901231833
spectral,stage1,self_attention,16.0,0.001,0.01,no,3.0,0.3083343207836151,0.008959550361667222,0.29838699102401733,0.3157700002193451,1.6495056947072346,0.07819485430875725
spectral,stage1,self_attention,16.0,0.001,0.001,no,3.0,0.3085326651732127,0.009174505588278564,0.29833000898361206,0.316103994846344,1.6456082264582317,0.081653788883653
spectral,stage1,self_attention,16.0,0.0005,0.01,no,3.0,0.30904531478881836,0.0032669535341269423,0.3070969879627228,0.3128169775009155,1.648860216140747,0.06268765493220532
spectral,stage1,self_attention,16.0,0.0005,0.001,no,3.0,0.3091086546579997,0.0033503062545496474,0.3071349859237671,0.31297698616981506,1.6479668219884236,0.0661059868492383
spectral,stage1d,linear_pe,8.0,0.001,0.001,no,3.0,0.3197786708672841,0.029561811478197402,0.3025220036506653,0.35391300916671753,2.2114519278208413,0.04192545609529393
spectral,stage1,linear_pe,8.0,0.001,0.001,no,3.0,0.3197803199291229,0.029567258547102522,0.3025229871273041,0.35392096638679504,2.2083492279052734,0.04353502813870451
spectral,stage1d,linear_pe,8.0,0.001,0.01,no,3.0,0.3209180037180583,0.029354393888399548,0.3038020133972168,0.35481297969818115,2.220848242441813,0.04796765151706001
spectral,stage1,linear_pe,8.0,0.001,0.01,no,3.0,0.32092000047365826,0.02934574210984818,0.3038100004196167,0.35480499267578125,2.217956304550171,0.04604899840544192
spectral,stage1,linear_pe,16.0,0.001,0.001,no,3.0,0.32785865664482117,0.031186317373623262,0.30553799867630005,0.3634919822216034,2.3167784214019775,0.076652211205525
spectral,stage1d,linear_pe,16.0,0.001,0.001,no,3.0,0.32785998781522113,0.03118703194528394,0.30553799867630005,0.36349397897720337,2.3154420852661133,0.07540705939248879
spectral,stage1,linear_pe,16.0,0.001,0.01,no,3.0,0.3288986583550771,0.031131761113095586,0.30684301257133484,0.3645099699497223,2.327311118443807,0.07191937103466876
spectral,stage1d,linear_pe,16.0,0.001,0.01,no,3.0,0.3289009928703308,0.03112982543113295,0.306846022605896,0.3645099699497223,2.3262078762054443,0.07353127938600486
spectral,stage1d,asymmetric,8.0,0.001,0.001,yes,6.0,0.33054132759571075,0.024951068706166934,0.3025220036506653,0.35391300916671753,1.933249334494273,0.3065728693465812
spectral,stage1d,asymmetric,8.0,0.001,0.01,yes,6.0,0.3313131630420685,0.024647118298012083,0.3038020133972168,0.35481297969818115,1.938606321811676,0.31213101397783266
spectral,stage1d,asymmetric,16.0,0.001,0.001,yes,6.0,0.33480799198150635,0.023371121296343344,0.30553799867630005,0.36349397897720337,1.9853094816207886,0.36972113507898274
spectral,stage1d,asymmetric,16.0,0.001,0.01,yes,6.0,0.3355098267396291,0.023203181771670897,0.306846022605896,0.3645099699497223,1.9879079659779866,0.37560886998780346
spectral,stage1,filter_bank,8.0,0.001,0.001,no,3.0,0.34130098422368366,0.018296505937505623,0.3201740086078644,0.3518819510936737,1.6606844266255696,0.06251220252310268
spectral,stage1d,filter_bank,8.0,0.001,0.001,no,3.0,0.3413039843241374,0.018302582782638445,0.32016998529434204,0.3518809974193573,1.6594383319218953,0.060314037699894685
spectral,stage1d,filter_bank,8.0,0.001,0.01,no,3.0,0.3417083223660787,0.018243975671999972,0.32064199447631836,0.3522459864616394,1.6602171262105305,0.061923376549960364
spectral,stage1d,filter_bank,16.0,0.001,0.001,no,3.0,0.34175599614779156,0.015750175534916217,0.32419300079345703,0.35462698340415955,1.6509913603464763,0.07228953232858422
spectral,stage1d,filter_bank,16.0,0.001,0.01,no,3.0,0.3421186606089274,0.015680338775493234,0.3246369957923889,0.3549419641494751,1.6494294007619221,0.07228906979696219
spectral,stage1,filter_bank,16.0,0.001,0.01,no,3.0,0.3421226541201274,0.015692669902019576,0.32463201880455017,0.35496896505355835,1.6517364581425984,0.07099378453404825
spectral,stage1,filter_bank,16.0,0.001,0.001,no,4.0,0.3429354801774025,0.013073276150912694,0.32419300079345703,0.35462096333503723,1.6412228345870972,0.0625690878687142
spectral,stage1,linear_pe,8.0,0.0005,0.001,no,3.0,0.3446553349494934,0.029929032503359015,0.3226199746131897,0.3787290155887604,2.4633800188700357,0.048801567791275736
spectral,stage1d,linear_pe,8.0,0.0005,0.001,no,3.0,0.3446570038795471,0.029927353648731943,0.32262399792671204,0.3787290155887604,2.4637551307678223,0.04925420150200885
spectral,stage1,linear_pe,8.0,0.0005,0.01,no,3.0,0.34482131401697796,0.029933908374809564,0.3228919804096222,0.3789239823818207,2.4650772412618003,0.04782228762901159
spectral,stage1d,linear_pe,8.0,0.0005,0.01,no,3.0,0.3448236385981242,0.029930080669626085,0.32290196418762207,0.3789229691028595,2.4654435316721597,0.04912892649084256
spectral,stage1,filter_bank,8.0,0.001,0.01,no,5.0,0.34590719938278197,0.014125911358792025,0.3206380009651184,0.35222500562667847,1.6668439388275147,0.05684776131844919
spectral,stage1,linear_pe,16.0,0.0005,0.001,no,3.0,0.34666165709495544,0.03287044603796935,0.32395800948143005,0.38435497879981995,2.501253286997477,0.023333048959995113
spectral,stage1d,linear_pe,16.0,0.0005,0.001,no,3.0,0.346662312746048,0.0328683735981366,0.32395800948143005,0.3843529522418976,2.5022150675455728,0.021265306017753817
spectral,stage1,linear_pe,16.0,0.0005,0.01,no,3.0,0.3467119832833608,0.03287020359816769,0.32397401332855225,0.384399950504303,2.502786159515381,0.020720547716835694
spectral,stage1d,linear_pe,16.0,0.0005,0.01,no,3.0,0.34671231110890705,0.03286997995031855,0.32397401332855225,0.384399950504303,2.504073143005371,0.021478987434333387
spectral,stage1,self_attention,8.0,0.0001,0.001,no,3.0,0.34702499707539874,0.006638636919782134,0.3423460125923157,0.3546229898929596,1.8355854749679565,0.040903002966345615
spectral,stage1,self_attention,8.0,0.0001,0.01,no,3.0,0.34706297516822815,0.006621097365082056,0.3424149751663208,0.35464397072792053,1.834201693534851,0.04014797618698921
spectral,stage1,linear_pe,8.0,0.0001,0.01,no,3.0,0.3479323387145996,0.03290828857851723,0.32440003752708435,0.3855369985103607,2.5332663853963218,0.0026598526385166314
spectral,stage1,linear_pe,8.0,0.0001,0.001,no,3.0,0.3479323387145996,0.03290828857851723,0.32440003752708435,0.3855369985103607,2.532970428466797,0.002951811495893697
spectral,stage1d,linear_pe,8.0,0.0001,0.001,no,3.0,0.3479323387145996,0.03290828857851723,0.32440003752708435,0.3855369985103607,2.535245656967163,0.001989718348714291
spectral,stage1d,linear_pe,8.0,0.0001,0.01,no,3.0,0.3479323387145996,0.03290828857851723,0.32440003752708435,0.3855369985103607,2.5339648723602295,0.0025330044616823466
spectral,stage1d,linear_pe,16.0,0.0001,0.001,no,3.0,0.3479333420594533,0.032910008379104315,0.32440003752708435,0.3855400085449219,2.5347052415211997,0.0019751329032677415
spectral,stage1d,linear_pe,16.0,0.0001,0.01,no,3.0,0.3479333420594533,0.032910008379104315,0.32440003752708435,0.3855400085449219,2.5360701084136963,0.0028387353851042196
spectral,stage1,linear_pe,16.0,0.0001,0.01,no,3.0,0.3479333420594533,0.032910008379104315,0.32440003752708435,0.3855400085449219,2.5336450735727944,0.002431753617841423
spectral,stage1,linear_pe,16.0,0.0001,0.001,no,3.0,0.3479333420594533,0.032910008379104315,0.32440003752708435,0.3855400085449219,2.534729798634847,0.0019974053782236085
spectral,stage1,self_attention,16.0,0.0001,0.001,no,3.0,0.35510865847269696,0.011126684499141169,0.3441390097141266,0.3663859963417053,1.8340212504069011,0.060740195198135456
spectral,stage1,self_attention,16.0,0.0001,0.01,no,3.0,0.35518766442934674,0.011144652117955725,0.34421202540397644,0.36649397015571594,1.8363620042800903,0.05855227829738693
spectral,stage1d,asymmetric,8.0,0.0005,0.001,yes,6.0,0.3586216668287913,0.029342550187288666,0.32262399792671204,0.396164983510971,2.063542425632477,0.44175780907760676
spectral,stage1d,asymmetric,8.0,0.0005,0.01,yes,6.0,0.3587428132692973,0.02926153387644106,0.32290196418762207,0.3960839807987213,2.063244422276815,0.4423468228877003
spectral,stage1d,asymmetric,16.0,0.0005,0.001,yes,6.0,0.3607921650012334,0.027734171698474714,0.32395800948143005,0.385405033826828,2.0699795484542847,0.4757403834309798
spectral,stage1d,asymmetric,16.0,0.0005,0.01,yes,6.0,0.36087632675965625,0.027737108777202302,0.32397401332855225,0.3854399919509888,2.0719635685284934,0.4752907113509444
spectral,stage1,filter_bank,8.0,0.0005,0.001,no,3.0,0.372571994860967,0.02590155995178014,0.34483200311660767,0.3961249887943268,1.6653300523757935,0.055613186340301
spectral,stage1d,filter_bank,8.0,0.0005,0.001,no,3.0,0.37258632977803546,0.02591874222371983,0.34483402967453003,0.396164983510971,1.665478507677714,0.05696922491275024
spectral,stage1,filter_bank,8.0,0.0005,0.01,no,3.0,0.37262965242067975,0.025740897704084897,0.3450619876384735,0.3960369825363159,1.6640621026357014,0.059047331013783934
spectral,stage1d,filter_bank,8.0,0.0005,0.01,no,3.0,0.3726619879404704,0.025759530518529715,0.34507298469543457,0.3960839807987213,1.6615105072657268,0.06051797003454472
spectral,stage1,filter_bank,16.0,0.0005,0.001,no,3.0,0.3749133149782817,0.015612962323503704,0.3569699823856354,0.3853989839553833,1.6409257253011067,0.06846518023480017
spectral,stage1d,filter_bank,16.0,0.0005,0.001,no,3.0,0.3749220172564189,0.015610014165733455,0.3569819927215576,0.385405033826828,1.6400991678237915,0.07277947822750229
spectral,stage1d,filter_bank,16.0,0.0005,0.01,no,3.0,0.37504034241040546,0.015526571041203314,0.3571929931640625,0.3854399919509888,1.6394013166427612,0.06838547215713331
spectral,stage1,filter_bank,16.0,0.0005,0.01,no,3.0,0.37528133392333984,0.015676279322451817,0.35721302032470703,0.38526299595832825,1.6388781865437825,0.06570461131480593
spectral,stage1d,asymmetric,16.0,0.0001,0.01,yes,6.0,0.3947756588459015,0.05663729807289421,0.32440003752708435,0.4629669785499573,2.245688736438751,0.3197592199234115
spectral,stage1d,asymmetric,16.0,0.0001,0.001,yes,6.0,0.3948073387145996,0.056671200904569105,0.32440003752708435,0.463051974773407,2.244329830010732,0.3183147096802707
spectral,stage1d,asymmetric,8.0,0.0001,0.01,yes,6.0,0.39497849841912586,0.06367533820958379,0.32440003752708435,0.4981019794940949,2.230427304903666,0.3356139409400427
spectral,stage1d,asymmetric,8.0,0.0001,0.001,yes,6.0,0.39502449333667755,0.06374983470275788,0.32440003752708435,0.4983129799365998,2.2311900854110718,0.33613575302142734
spectral,stage1,filter_bank,16.0,0.0001,0.001,no,3.0,0.439490665992101,0.01999031231126211,0.42477598786354065,0.4622499942779541,1.9556602636973066,0.05330205715635097
spectral,stage1,filter_bank,8.0,0.0001,0.01,no,3.0,0.4409453173478444,0.04901419196618319,0.4047119915485382,0.4967150092124939,1.9293867746988933,0.0691727233961226
spectral,stage1d,filter_bank,16.0,0.0001,0.01,no,3.0,0.44161797563234967,0.018809100329788723,0.42748698592185974,0.4629669785499573,1.9532060225804646,0.05354519401090974
spectral,stage1,filter_bank,16.0,0.0001,0.01,no,3.0,0.441621333360672,0.018799850839020756,0.4274979829788208,0.46296000480651855,1.9550126393636067,0.05430618394436699
spectral,stage1d,filter_bank,16.0,0.0001,0.001,no,3.0,0.4416813353697459,0.018827617776085697,0.4275389909744262,0.463051974773407,1.9553604125976562,0.054057950378435374
spectral,stage1,filter_bank,8.0,0.0001,0.001,no,3.0,0.441878338654836,0.04786348559836995,0.40678298473358154,0.49640101194381714,1.9325774908065796,0.06555816642165424
spectral,stage1d,filter_bank,8.0,0.0001,0.01,no,3.0,0.44202465812365216,0.04912629493727226,0.4065769910812378,0.4981019794940949,1.9258933464686077,0.07053277116877085
spectral,stage1d,filter_bank,8.0,0.0001,0.001,no,3.0,0.4421166479587555,0.04923550572052978,0.4065609872341156,0.4983129799365998,1.9254530668258667,0.07196377486045505
